shop,ProductID,name,price,url
Brickmo,11381,LEGO Icons 11381 Jaguar E-Type 11381,111.95,https://www.brickmo.com/en/new-at-brickmo/lego/87319/lego-icons-11381-jaguar-e-type-11381?c=6790
Brickmo,11383,LEGO Icons 11383 Mayor Manor 11383,88.25,https://www.brickmo.com/en/new-at-brickmo/lego/87318/lego-icons-11383-mayor-manor-11383?c=6790
Brickmo,11382,LEGO Icons 11382 Hubble Space Telescope 11382,103.95,https://www.brickmo.com/en/new-at-brickmo/lego/87317/lego-icons-11382-hubble-space-telescope-11382?c=6790
Brickmo,10331,LEGO Icons 10331 Kingfisher Bird 10331,44.95,https://www.brickmo.com/en/new-at-brickmo/lego/59147/lego-icons-10331-kingfisher-bird-10331?c=6790
Brickmo,11380,LEGO Icons 11380 Road Bike 11380,96.25,https://www.brickmo.com/en/new-at-brickmo/lego/87306/lego-icons-11380-road-bike-11380?c=6790
Brickmo,10360,LEGO Icons 10360 Shuttle Carrier Aircraft 10360,229.95,https://www.brickmo.com/en/new-at-brickmo/lego/84321/lego-icons-10360-shuttle-carrier-aircraft-10360?c=6790
Brickmo,10335,LEGO Icons 10335 The Endurance 10335,279.95,https://www.brickmo.com/en/new-at-brickmo/lego/90389/lego-icons-10335-the-endurance-10335?c=6790
Brickmo,10305,LEGO Icons 10305 Lion Knights' Castle 10305,575.0,https://www.brickmo.com/en/new-at-brickmo/lego/49449/lego-icons-10305-lion-knights-castle-10305?c=6790
Brickmo,10307,LEGO Icons 10307 Eiffel Tower 10307,684.99,https://www.brickmo.com/en/new-at-brickmo/lego/51652/lego-icons-10307-eiffel-tower-10307?c=6790
Brickmo,11370,LEGO Icons 11370 Stranger Things: The Creel...,264.95,https://www.brickmo.com/en/new-at-brickmo/lego/90336/lego-icons-11370-stranger-things-the-creel-house-11370?c=6790
Brickmo,10333,LEGO Icons 10333 The Lord of the Rings:...,485.0,https://www.brickmo.com/en/new-at-brickmo/lego/68140/lego-icons-10333-the-lord-of-the-rings-barad-dur-10333?c=6790
Brickmo,10337,LEGO Icons 10337 Lamborghini Countach 5000...,169.95,https://www.brickmo.com/en/new-at-brickmo/lego/90043/lego-icons-10337-lamborghini-countach-5000-quattrovalvole-10337?c=6790
