shop,category,name,price,pieces,url
Brickmo,Lego City,LEGO City 60312 Police Car 60312,8.26,94,https://www.brickmo.com/en/new-at-brickmo/lego/43997/lego-city-60312-police-car-60312?c=5983
Brickmo,Lego City,LEGO City 60480 Yellow Backhoe Loader 60480,22.17,301,https://www.brickmo.com/en/new-at-brickmo/lego/87158/lego-city-60480-yellow-backhoe-loader-60480?c=5983
Brickmo,Lego City,LEGO City 60502 Airport with Airplane 60502,80.55,887,https://www.brickmo.com/en/new-at-brickmo/lego/82875/lego-city-60502-airport-with-airplane-60502?c=5983
Brickmo,Lego City,LEGO City 60373 Fire Rescue Boat 60373,15.49,144,https://www.brickmo.com/en/new-at-brickmo/lego/51187/lego-city-60373-fire-rescue-boat-60373?c=5983
Brickmo,Lego City,LEGO City Fahrzeuge 60454 Holiday Adventure...,22.68,385,https://www.brickmo.com/en/new-at-brickmo/lego/72178/lego-city-fahrzeuge-60454-holiday-adventure-camper-van-60454?c=5983
Brickmo,Lego City,LEGO City 60430 Interstellar Spaceship 60430,14.97,240,https://www.brickmo.com/en/new-at-brickmo/lego/59083/lego-city-60430-interstellar-spaceship-60430?c=5983
Brickmo,Lego City,LEGO City 60484 Rides – Gaming Race Car 60484,7.49,64,https://www.brickmo.com/en/new-at-brickmo/lego/82898/lego-city-60484-rides-gaming-race-car-60484?c=5983
Brickmo,Lego City,LEGO City 60419 Police Prison Island 60419,78.48,980,https://www.brickmo.com/en/new-at-brickmo/lego/59078/lego-city-60419-police-prison-island-60419?c=5983
Brickmo,Lego City,LEGO City 60414 Fire Station with Fire Truck 60414,61.95,843,https://www.brickmo.com/en/new-at-brickmo/lego/59070/lego-city-60414-fire-station-with-fire-truck-60414?c=5983
Brickmo,Lego City,LEGO City 60483 Rides – Construction Loader 60483,7.49,61,https://www.brickmo.com/en/new-at-brickmo/lego/82899/lego-city-60483-rides-construction-loader-60483?c=5983
Brickmo,Lego City,LEGO City 60479 Police Prisoner Transport Van...,16.01,198,https://www.brickmo.com/en/new-at-brickmo/lego/82893/lego-city-60479-police-prisoner-transport-van-60479?c=5983
Brickmo,Lego City,LEGO City 60465 Emergency Air Ambulance...,40.25,403,https://www.brickmo.com/en/new-at-brickmo/lego/77966/lego-city-60465-emergency-air-ambulance-airplane-60465?c=5983
Brickmo,Lego City,LEGO City 60312 Police Car 60312,8.26,94,https://www.brickmo.com/en/new-at-brickmo/lego/43997/lego-city-60312-police-car-60312?c=5983
Brickmo,Lego City,LEGO City 60480 Yellow Backhoe Loader 60480,22.17,301,https://www.brickmo.com/en/new-at-brickmo/lego/87158/lego-city-60480-yellow-backhoe-loader-60480?c=5983
Brickmo,Lego City,LEGO City 60502 Airport with Airplane 60502,80.55,887,https://www.brickmo.com/en/new-at-brickmo/lego/82875/lego-city-60502-airport-with-airplane-60502?c=5983
Brickmo,Lego City,LEGO City 60373 Fire Rescue Boat 60373,15.49,144,https://www.brickmo.com/en/new-at-brickmo/lego/51187/lego-city-60373-fire-rescue-boat-60373?c=5983
Brickmo,Lego City,LEGO City Fahrzeuge 60454 Holiday Adventure...,22.68,385,https://www.brickmo.com/en/new-at-brickmo/lego/72178/lego-city-fahrzeuge-60454-holiday-adventure-camper-van-60454?c=5983
Brickmo,Lego City,LEGO City 60430 Interstellar Spaceship 60430,14.97,240,https://www.brickmo.com/en/new-at-brickmo/lego/59083/lego-city-60430-interstellar-spaceship-60430?c=5983
Brickmo,Lego City,LEGO City 60484 Rides – Gaming Race Car 60484,7.49,64,https://www.brickmo.com/en/new-at-brickmo/lego/82898/lego-city-60484-rides-gaming-race-car-60484?c=5983
Brickmo,Lego City,LEGO City 60419 Police Prison Island 60419,78.48,980,https://www.brickmo.com/en/new-at-brickmo/lego/59078/lego-city-60419-police-prison-island-60419?c=5983
Brickmo,Lego City,LEGO City 60414 Fire Station with Fire Truck 60414,61.95,843,https://www.brickmo.com/en/new-at-brickmo/lego/59070/lego-city-60414-fire-station-with-fire-truck-60414?c=5983
Brickmo,Lego City,LEGO City 60483 Rides – Construction Loader 60483,7.49,61,https://www.brickmo.com/en/new-at-brickmo/lego/82899/lego-city-60483-rides-construction-loader-60483?c=5983
Brickmo,Lego City,LEGO City 60479 Police Prisoner Transport Van...,16.01,198,https://www.brickmo.com/en/new-at-brickmo/lego/82893/lego-city-60479-police-prisoner-transport-van-60479?c=5983
Brickmo,Lego City,LEGO City 60465 Emergency Air Ambulance...,40.25,403,https://www.brickmo.com/en/new-at-brickmo/lego/77966/lego-city-60465-emergency-air-ambulance-airplane-60465?c=5983
Brickmo,Lego City,LEGO City 60481 Rides – Police Truck 60481,7.49,71,https://www.brickmo.com/en/new-at-brickmo/lego/82901/lego-city-60481-rides-police-truck-60481?c=5983
Brickmo,Lego City,LEGO City 60404 Burger Truck 60404,16.52,194,https://www.brickmo.com/en/new-at-brickmo/lego/59073/lego-city-60404-burger-truck-60404?c=5983
Brickmo,Lego City,LEGO City 60482 Rides – Fire Truck 60482,7.49,67,https://www.brickmo.com/en/new-at-brickmo/lego/82900/lego-city-60482-rides-fire-truck-60482?c=5983
Brickmo,Lego City,LEGO City 60486 EV Supercar 60486,8.53,109,https://www.brickmo.com/en/new-at-brickmo/lego/82881/lego-city-60486-ev-supercar-60486?c=5983
Brickmo,Lego City,"LEGO City 60505 Airplane, Service Truck &...",54.61,990,https://www.brickmo.com/en/new-at-brickmo/lego/82894/lego-city-60505-airplane-service-truck-hovercraft-remix-60505?c=5983
Brickmo,Lego City,LEGO City 60205 Tracks 60205,15.49,20,https://www.brickmo.com/en/new-at-brickmo/lego/38128/lego-city-60205-tracks-60205?c=5983
Brickmo,Lego City,LEGO City 60368 Arctic Explorer Ship 60368,153.97,815,https://www.brickmo.com/en/new-at-brickmo/lego/54381/lego-city-60368-arctic-explorer-ship-60368?c=5983
Brickmo,Lego City,LEGO City 60511 Vintage Steam Train 60511,71.25,575,https://www.brickmo.com/en/new-at-brickmo/lego/87154/lego-city-60511-vintage-steam-train-60511?c=5983
Brickmo,Lego City,LEGO City 60506 Classic Beach Streetcar 60506,55.28,693,https://www.brickmo.com/en/new-at-brickmo/lego/87155/lego-city-60506-classic-beach-streetcar-60506?c=5983
Brickmo,Lego City,LEGO City 60494 Dump Truck & Front End Loader...,97.65,1132,https://www.brickmo.com/en/new-at-brickmo/lego/87156/lego-city-60494-dump-truck-front-end-loader-60494?c=5983
Brickmo,Lego City,LEGO City 60492 Passenger Jet 60492,22.17,118,https://www.brickmo.com/en/new-at-brickmo/lego/87157/lego-city-60492-passenger-jet-60492?c=5983
Brickmo,Lego City,LEGO City 60497 Drive-Through Car Wash 60497,42.83,583,https://www.brickmo.com/en/new-at-brickmo/lego/87149/lego-city-60497-drive-through-car-wash-60497?c=5983
Brickmo,Lego Star Wars,LEGO Star Wars 75455 Boba Fett 75455,139.45,1544,https://www.brickmo.com/en/new-at-brickmo/lego/87308/lego-star-wars-75455-boba-fett-75455?c=6055
Brickmo,Lego Star Wars,LEGO Star Wars 75331 The Razor Crest 75331,618.97,6187,https://www.brickmo.com/en/new-at-brickmo/lego/50734/lego-star-wars-75331-the-razor-crest-75331?c=6055
Brickmo,Lego Star Wars,LEGO Star Wars 75192 Millennium Falcon 75192,784.30,7541,https://www.brickmo.com/en/new-at-brickmo/lego/39796/lego-star-wars-75192-millennium-falcon-75192?c=6055
Brickmo,Lego Star Wars,LEGO Star Wars 40755 Imperial Dropship vs....,49.55,383,https://www.brickmo.com/en/new-at-brickmo/lego/85400/lego-star-wars-40755-imperial-dropship-vs.-rebel-scout-speeder-40755?c=6055
Brickmo,Lego Star Wars,LEGO Star Wars 75383 Darth Maul's Sith...,72.28,640,https://www.brickmo.com/en/new-at-brickmo/lego/67150/lego-star-wars-75383-darth-maul-s-sith-infiltrator-75383?c=6055
Brickmo,Lego Star Wars,LEGO Star Wars 75400 Plo Koon's Jedi...,11.87,89,https://www.brickmo.com/en/new-at-brickmo/lego/77984/lego-star-wars-75400-plo-koon-s-jedi-starfighter-microfighter-75400?c=6055
Brickmo,Lego Star Wars,LEGO Star Wars 75397 Jabba's Sail Barge 75397,449.45,3943,https://www.brickmo.com/en/new-at-brickmo/lego/90044/lego-star-wars-75397-jabba-s-sail-barge-75397?c=6055
Brickmo,Lego Star Wars,LEGO Star Wars 75453 Offworld Sandcrawler and...,165.28,1683,https://www.brickmo.com/en/new-at-brickmo/lego/87321/lego-star-wars-75453-offworld-sandcrawler-and-mudhorn-75453?c=6055
Brickmo,Lego Star Wars,LEGO Star Wars 75454 Imperial Remnant AT-AT...,132.58,1453,https://www.brickmo.com/en/new-at-brickmo/lego/87331/lego-star-wars-75454-imperial-remnant-at-at-with-int-4-75454?c=6055
Brickmo,Lego Star Wars,LEGO Star Wars 75349 Captain Rex Helmet 75349,72.28,854,https://www.brickmo.com/en/new-at-brickmo/lego/52945/lego-star-wars-75349-captain-rex-helmet-75349?c=6055
Brickmo,Lego Star Wars,LEGO Star Wars 75345 501st Clone Troopers...,20.62,119,https://www.brickmo.com/en/new-at-brickmo/lego/52104/lego-star-wars-75345-501st-clone-troopers-battle-pack-75345?c=6055
Brickmo,Lego Star Wars,LEGO Star Wars 75401 Ahsoka's Jedi Interceptor...,37.15,290,https://www.brickmo.com/en/new-at-brickmo/lego/72213/lego-star-wars-75401-ahsoka-s-jedi-interceptor-75401?c=6055
Brickmo,Lego Star Wars,LEGO Star Wars 75455 Boba Fett 75455,139.45,1544,https://www.brickmo.com/en/new-at-brickmo/lego/87308/lego-star-wars-75455-boba-fett-75455?c=6055
Brickmo,Lego Star Wars,LEGO Star Wars 75331 The Razor Crest 75331,618.97,6187,https://www.brickmo.com/en/new-at-brickmo/lego/50734/lego-star-wars-75331-the-razor-crest-75331?c=6055
Brickmo,Lego Star Wars,LEGO Star Wars 75192 Millennium Falcon 75192,784.30,7541,https://www.brickmo.com/en/new-at-brickmo/lego/39796/lego-star-wars-75192-millennium-falcon-75192?c=6055
Brickmo,Lego Star Wars,LEGO Star Wars 40755 Imperial Dropship vs....,49.55,383,https://www.brickmo.com/en/new-at-brickmo/lego/85400/lego-star-wars-40755-imperial-dropship-vs.-rebel-scout-speeder-40755?c=6055
Brickmo,Lego Star Wars,LEGO Star Wars 75383 Darth Maul's Sith...,72.28,640,https://www.brickmo.com/en/new-at-brickmo/lego/67150/lego-star-wars-75383-darth-maul-s-sith-infiltrator-75383?c=6055
Brickmo,Lego Star Wars,LEGO Star Wars 75400 Plo Koon's Jedi...,11.87,89,https://www.brickmo.com/en/new-at-brickmo/lego/77984/lego-star-wars-75400-plo-koon-s-jedi-starfighter-microfighter-75400?c=6055
Brickmo,Lego Star Wars,LEGO Star Wars 75397 Jabba's Sail Barge 75397,449.45,3943,https://www.brickmo.com/en/new-at-brickmo/lego/90044/lego-star-wars-75397-jabba-s-sail-barge-75397?c=6055
Brickmo,Lego Star Wars,LEGO Star Wars 75453 Offworld Sandcrawler and...,165.28,1683,https://www.brickmo.com/en/new-at-brickmo/lego/87321/lego-star-wars-75453-offworld-sandcrawler-and-mudhorn-75453?c=6055
Brickmo,Lego Star Wars,LEGO Star Wars 75454 Imperial Remnant AT-AT...,132.58,1453,https://www.brickmo.com/en/new-at-brickmo/lego/87331/lego-star-wars-75454-imperial-remnant-at-at-with-int-4-75454?c=6055
Brickmo,Lego Star Wars,LEGO Star Wars 75349 Captain Rex Helmet 75349,72.28,854,https://www.brickmo.com/en/new-at-brickmo/lego/52945/lego-star-wars-75349-captain-rex-helmet-75349?c=6055
Brickmo,Lego Star Wars,LEGO Star Wars 75345 501st Clone Troopers...,20.62,119,https://www.brickmo.com/en/new-at-brickmo/lego/52104/lego-star-wars-75345-501st-clone-troopers-battle-pack-75345?c=6055
Brickmo,Lego Star Wars,LEGO Star Wars 75401 Ahsoka's Jedi Interceptor...,37.15,290,https://www.brickmo.com/en/new-at-brickmo/lego/72213/lego-star-wars-75401-ahsoka-s-jedi-interceptor-75401?c=6055
Brickmo,Lego Star Wars,LEGO Star Wars 75347 TIE Bomber 75347,54.76,625,https://www.brickmo.com/en/new-at-brickmo/lego/52103/lego-star-wars-75347-tie-bomber-75347?c=6055
Brickmo,Lego Star Wars,LEGO Star Wars 75404 Acclamator-Class Assault...,41.28,450,https://www.brickmo.com/en/new-at-brickmo/lego/72220/lego-star-wars-75404-acclamator-class-assault-ship-75404?c=6055
Brickmo,Lego Star Wars,LEGO Star Wars 75403 Grogu with Hover Pram 75403,82.62,1048,https://www.brickmo.com/en/new-at-brickmo/lego/72221/lego-star-wars-75403-grogu-with-hover-pram-75403?c=6055
Brickmo,Lego Star Wars,LEGO Star Wars 75333 Obi-Wan Kenobi’s Jedi...,36.12,282,https://www.brickmo.com/en/new-at-brickmo/lego/48275/lego-star-wars-75333-obi-wan-kenobi-s-jedi-starfighter-75333?c=6055
Brickmo,Lego Star Wars,LEGO Star Wars 75373 Ambush on Mandalore Battle...,20.62,109,https://www.brickmo.com/en/new-at-brickmo/lego/65593/lego-star-wars-75373-ambush-on-mandalore-battle-pack-75373?c=6055
Brickmo,Lego Star Wars,LEGO Star Wars 75325 The Mandalorian´s N-1...,60.97,412,https://www.brickmo.com/en/new-at-brickmo/lego/45737/lego-star-wars-75325-the-mandalorian-s-n-1-starfighter-75325?c=6055
Brickmo,Lego Star Wars,LEGO Star Wars 75456 Advent Calendar 2026 75456,27.85,293,https://www.brickmo.com/en/new-at-brickmo/lego/87099/lego-star-wars-75456-advent-calendar-2026-75456?c=6055
Brickmo,Lego Star Wars,LEGO Star Wars 75451 Hutt Palace Sentry Droid...,39.68,415,https://www.brickmo.com/en/new-at-brickmo/lego/87088/lego-star-wars-75451-hutt-palace-sentry-droid-showdown-75451?c=6055
Brickmo,Lego Star Wars,LEGO Star Wars 75439 Darth Vader Bust 75439,40.25,349,https://www.brickmo.com/en/new-at-brickmo/lego/82981/lego-star-wars-75439-darth-vader-bust-75439?c=6055
Brickmo,Lego Star Wars,LEGO Star Wars 75438 Yoda Bust 75438,31.98,399,https://www.brickmo.com/en/new-at-brickmo/lego/82982/lego-star-wars-75438-yoda-bust-75438?c=6055
Brickmo,Lego Star Wars,LEGO Star Wars 75446 Grogu (Mandalorian...,107.93,1200,https://www.brickmo.com/en/new-at-brickmo/lego/82984/lego-star-wars-75446-grogu-mandalorian-apprentice-75446?c=6055
Brickmo,Lego Star Wars,LEGO Star Wars 75445 Anzellan Starship 75445,60.92,700,https://www.brickmo.com/en/new-at-brickmo/lego/82985/lego-star-wars-75445-anzellan-starship-75445?c=6055
Brickmo,Lego Friends,LEGO Friends 42692 Ice Cream & Balloon Stand 42692,7.49,107,https://www.brickmo.com/en/new-at-brickmo/lego/82866/lego-friends-42692-ice-cream-balloon-stand-42692?c=6036
Brickmo,Lego Friends,LEGO Friends 42648 Panda Sanctuary Animal Care...,23.72,243,https://www.brickmo.com/en/new-at-brickmo/lego/78076/lego-friends-42648-panda-sanctuary-animal-care-42648?c=6036
Brickmo,Lego Friends,LEGO Friends 42695 Horse & Baby Foal Trailer 42695,22.27,279,https://www.brickmo.com/en/new-at-brickmo/lego/82865/lego-friends-42695-horse-baby-foal-trailer-42695?c=6036
Brickmo,Lego Friends,LEGO Friends 42703 Mermaid Roller Coaster Ride...,77.86,864,https://www.brickmo.com/en/new-at-brickmo/lego/87133/lego-friends-42703-mermaid-roller-coaster-ride-42703?c=6036
Brickmo,Lego Friends,LEGO Friends 42690 Forest Tea Party 42690,7.44,116,https://www.brickmo.com/en/new-at-brickmo/lego/87129/lego-friends-42690-forest-tea-party-42690?c=6036
Brickmo,Lego Friends,LEGO Friends 42700 Candy & Cupcake Ferris Wheel...,46.71,602,https://www.brickmo.com/en/new-at-brickmo/lego/87135/lego-friends-42700-candy-cupcake-ferris-wheel-42700?c=6036
Brickmo,Lego Friends,LEGO Friends 42676 Fun Water Park Day 42676,22.17,278,https://www.brickmo.com/en/new-at-brickmo/lego/87131/lego-friends-42676-fun-water-park-day-42676?c=6036
Brickmo,Lego Friends,LEGO Friends 42693 Creative Flower Shop 42693,22.17,377,https://www.brickmo.com/en/new-at-brickmo/lego/87128/lego-friends-42693-creative-flower-shop-42693?c=6036
Brickmo,Lego Friends,LEGO Friends 42704 Heartlake City Grand Hotel...,122.04,1406,https://www.brickmo.com/en/new-at-brickmo/lego/87142/lego-friends-42704-heartlake-city-grand-hotel-42704?c=6036
Brickmo,Lego Friends,LEGO Friends 42682 Nature Glamping Cabin 42682,18.55,295,https://www.brickmo.com/en/new-at-brickmo/lego/87130/lego-friends-42682-nature-glamping-cabin-42682?c=6036
Brickmo,Lego Friends,LEGO Friends 42694 Pizza Truck 42694,11.11,190,https://www.brickmo.com/en/new-at-brickmo/lego/87137/lego-friends-42694-pizza-truck-42694?c=6036
Brickmo,Lego Friends,LEGO Friends 42697 Creative Dollhouse Suitcase...,38.91,355,https://www.brickmo.com/en/new-at-brickmo/lego/87136/lego-friends-42697-creative-dollhouse-suitcase-42697?c=6036
Brickmo,Lego Friends,LEGO Friends 42692 Ice Cream & Balloon Stand 42692,7.49,107,https://www.brickmo.com/en/new-at-brickmo/lego/82866/lego-friends-42692-ice-cream-balloon-stand-42692?c=6036
Brickmo,Lego Friends,LEGO Friends 42648 Panda Sanctuary Animal Care...,23.72,243,https://www.brickmo.com/en/new-at-brickmo/lego/78076/lego-friends-42648-panda-sanctuary-animal-care-42648?c=6036
Brickmo,Lego Friends,LEGO Friends 42695 Horse & Baby Foal Trailer 42695,22.27,279,https://www.brickmo.com/en/new-at-brickmo/lego/82865/lego-friends-42695-horse-baby-foal-trailer-42695?c=6036
Brickmo,Lego Friends,LEGO Friends 42703 Mermaid Roller Coaster Ride...,77.86,864,https://www.brickmo.com/en/new-at-brickmo/lego/87133/lego-friends-42703-mermaid-roller-coaster-ride-42703?c=6036
Brickmo,Lego Friends,LEGO Friends 42690 Forest Tea Party 42690,7.44,116,https://www.brickmo.com/en/new-at-brickmo/lego/87129/lego-friends-42690-forest-tea-party-42690?c=6036
Brickmo,Lego Friends,LEGO Friends 42700 Candy & Cupcake Ferris Wheel...,46.71,602,https://www.brickmo.com/en/new-at-brickmo/lego/87135/lego-friends-42700-candy-cupcake-ferris-wheel-42700?c=6036
Brickmo,Lego Friends,LEGO Friends 42676 Fun Water Park Day 42676,22.17,278,https://www.brickmo.com/en/new-at-brickmo/lego/87131/lego-friends-42676-fun-water-park-day-42676?c=6036
Brickmo,Lego Friends,LEGO Friends 42693 Creative Flower Shop 42693,22.17,377,https://www.brickmo.com/en/new-at-brickmo/lego/87128/lego-friends-42693-creative-flower-shop-42693?c=6036
Brickmo,Lego Friends,LEGO Friends 42704 Heartlake City Grand Hotel...,122.04,1406,https://www.brickmo.com/en/new-at-brickmo/lego/87142/lego-friends-42704-heartlake-city-grand-hotel-42704?c=6036
Brickmo,Lego Friends,LEGO Friends 42682 Nature Glamping Cabin 42682,18.55,295,https://www.brickmo.com/en/new-at-brickmo/lego/87130/lego-friends-42682-nature-glamping-cabin-42682?c=6036
Brickmo,Lego Friends,LEGO Friends 42694 Pizza Truck 42694,11.11,190,https://www.brickmo.com/en/new-at-brickmo/lego/87137/lego-friends-42694-pizza-truck-42694?c=6036
Brickmo,Lego Friends,LEGO Friends 42697 Creative Dollhouse Suitcase...,38.91,355,https://www.brickmo.com/en/new-at-brickmo/lego/87136/lego-friends-42697-creative-dollhouse-suitcase-42697?c=6036
Brickmo,Lego Friends,LEGO Friends 42705 Cozy Fall Forest Cabin 42705,77.86,1229,https://www.brickmo.com/en/new-at-brickmo/lego/87141/lego-friends-42705-cozy-fall-forest-cabin-42705?c=6036
Brickmo,Lego Friends,LEGO Friends 42702 Spinning Flower & Fairy...,31.16,321,https://www.brickmo.com/en/new-at-brickmo/lego/87134/lego-friends-42702-spinning-flower-fairy-teacup-ride-42702?c=6036
Brickmo,Lego Friends,LEGO Friends 42698 Advent Calendar 2026 42698,19.94,211,https://www.brickmo.com/en/new-at-brickmo/lego/87304/lego-friends-42698-advent-calendar-2026-42698?c=6036
Brickmo,Lego Friends,LEGO Friends 42659 Friendship Road-Trip Travel...,16.48,220,https://www.brickmo.com/en/new-at-brickmo/lego/78075/lego-friends-42659-friendship-road-trip-travel-car-42659?c=6036
Brickmo,Lego Friends,LEGO Friends 42687 Liann's Family House 42687,54.61,946,https://www.brickmo.com/en/new-at-brickmo/lego/82869/lego-friends-42687-liann-s-family-house-42687?c=6036
Brickmo,Lego Friends,LEGO Friends 42663 Friendship Camper Van...,49.55,778,https://www.brickmo.com/en/new-at-brickmo/lego/72154/lego-friends-42663-friendship-camper-van-adventure-42663?c=6036
Brickmo,Lego Friends,LEGO Friends 42666 Cat Birthday Party & Tree...,22.68,321,https://www.brickmo.com/en/new-at-brickmo/lego/78080/lego-friends-42666-cat-birthday-party-tree-house-42666?c=6036
Brickmo,Lego Friends,LEGO Friends 42652 Friendship Tree House...,61.95,701,https://www.brickmo.com/en/new-at-brickmo/lego/72036/lego-friends-42652-friendship-tree-house-hangout-42652?c=6036
Brickmo,Lego Friends,LEGO Friends 42681 Axolotl Adventure Boat 42681,8.53,95,https://www.brickmo.com/en/new-at-brickmo/lego/82863/lego-friends-42681-axolotl-adventure-boat-42681?c=6036
Brickmo,Lego Friends,LEGO Friends 41713 Olivia´s Space Academy 41713,72.28,757,https://www.brickmo.com/en/new-at-brickmo/lego/47182/lego-friends-41713-olivia-s-space-academy-41713?c=6036
Brickmo,Lego Friends,LEGO Friends 42647 Paisley's Room 42647,20.62,199,https://www.brickmo.com/en/new-at-brickmo/lego/72034/lego-friends-42647-paisley-s-room-42647?c=6036
Brickmo,Lego Friends,LEGO Friends 42673 Family Vacation Beach Resort...,108.45,1140,https://www.brickmo.com/en/new-at-brickmo/lego/78078/lego-friends-42673-family-vacation-beach-resort-42673?c=6036
Brickmo,Lego Icons,LEGO Icons 11378 Douglas DC-3 PAN AM Airliner...,237.62,1903,https://www.brickmo.com/en/new-at-brickmo/lego/90387/lego-icons-11378-douglas-dc-3-pan-am-airliner-11378?c=6790
Brickmo,Lego Icons,LEGO Icons 11381 Jaguar E-Type 11381,115.68,1665,https://www.brickmo.com/en/new-at-brickmo/lego/87319/lego-icons-11381-jaguar-e-type-11381?c=6790
Brickmo,Lego Icons,LEGO Icons 11383 Mayor Manor 11383,91.19,1420,https://www.brickmo.com/en/new-at-brickmo/lego/87318/lego-icons-11383-mayor-manor-11383?c=6790
Brickmo,Lego Icons,LEGO Icons 11382 Hubble Space Telescope 11382,107.42,1252,https://www.brickmo.com/en/new-at-brickmo/lego/87317/lego-icons-11382-hubble-space-telescope-11382?c=6790
Brickmo,Lego Icons,LEGO Icons 10331 Kingfisher Bird 10331,46.45,834,https://www.brickmo.com/en/new-at-brickmo/lego/59147/lego-icons-10331-kingfisher-bird-10331?c=6790
Brickmo,Lego Icons,LEGO Icons 11380 Road Bike 11380,99.46,1015,https://www.brickmo.com/en/new-at-brickmo/lego/87306/lego-icons-11380-road-bike-11380?c=6790
Brickmo,Lego Icons,LEGO Icons 10360 Shuttle Carrier Aircraft 10360,237.62,2417,https://www.brickmo.com/en/new-at-brickmo/lego/84321/lego-icons-10360-shuttle-carrier-aircraft-10360?c=6790
Brickmo,Lego Icons,LEGO Icons 11371 Shopping Street 11371,246.97,3456,https://www.brickmo.com/en/new-at-brickmo/lego/90384/lego-icons-11371-shopping-street-11371?c=6790
Brickmo,Lego Icons,LEGO Icons 10335 The Endurance 10335,289.28,3011,https://www.brickmo.com/en/new-at-brickmo/lego/90389/lego-icons-10335-the-endurance-10335?c=6790
Brickmo,Lego Icons,LEGO Icons 10305 Lion Knights' Castle 10305,594.17,4514,https://www.brickmo.com/en/new-at-brickmo/lego/49449/lego-icons-10305-lion-knights-castle-10305?c=6790
Brickmo,Lego Icons,LEGO Icons 10307 Eiffel Tower 10307,707.82,10001,https://www.brickmo.com/en/new-at-brickmo/lego/51652/lego-icons-10307-eiffel-tower-10307?c=6790
Brickmo,Lego Icons,LEGO Icons 11370 Stranger Things: The Creel...,273.78,2593,https://www.brickmo.com/en/new-at-brickmo/lego/90336/lego-icons-11370-stranger-things-the-creel-house-11370?c=6790
Brickmo,Lego Icons,LEGO Icons 10333 The Lord of the Rings:...,501.17,5471,https://www.brickmo.com/en/new-at-brickmo/lego/68140/lego-icons-10333-the-lord-of-the-rings-barad-dur-10333?c=6790
Brickmo,Lego Icons,LEGO Icons 10337 Lamborghini Countach 5000...,175.62,1506,https://www.brickmo.com/en/new-at-brickmo/lego/90043/lego-icons-10337-lamborghini-countach-5000-quattrovalvole-10337?c=6790
Brickmo,Lego Icons,LEGO Editions 43018 Lionel Messi – Celebration...,149.78,1427,https://www.brickmo.com/en/new-at-brickmo/lego/87070/lego-editions-43018-lionel-messi-celebration-43018?c=6790
Brickmo,Lego Icons,LEGO Icons 10362 French Café 10362,65.09,1101,https://www.brickmo.com/en/new-at-brickmo/lego/72229/lego-icons-10362-french-cafe-10362?c=6790
Brickmo,Lego Icons,LEGO Icons 10328 Bouquet of Roses 10328,49.55,822,https://www.brickmo.com/en/new-at-brickmo/lego/59118/lego-icons-10328-bouquet-of-roses-10328?c=6790
Brickmo,Lego Icons,LEGO Icons 11384 Golden Retriever Puppy 11384,112.63,2102,https://www.brickmo.com/en/new-at-brickmo/lego/82970/lego-icons-11384-golden-retriever-puppy-11384?c=6790
Brickmo,Lego Icons,LEGO Icons 11375 Ferrari F2004 & Michael...,72.28,735,https://www.brickmo.com/en/new-at-brickmo/lego/82975/lego-icons-11375-ferrari-f2004-michael-schumacher-11375?c=6790
Brickmo,Lego Icons,LEGO Icons 11373 The Lord of the Rings:...,61.95,538,https://www.brickmo.com/en/new-at-brickmo/lego/82976/lego-icons-11373-the-lord-of-the-rings-sauron-s-helmet-11373?c=6790
Brickmo,Lego Icons,LEGO Icons 11376 Ford Model T 11376,108.45,1060,https://www.brickmo.com/en/new-at-brickmo/lego/82974/lego-icons-11376-ford-model-t-11376?c=6790
Brickmo,Lego Icons,LEGO Icons 10356 Star Trek: U.S.S. Enterprise...,392.66,3600,https://www.brickmo.com/en/new-at-brickmo/lego/86703/lego-icons-10356-star-trek-u.s.s.-enterprise-ncc-1701-d-10356?c=6790
Brickmo,Lego Icons,LEGO Icons 10365 Captain Jack Sparrow's Pirate...,361.66,2862,https://www.brickmo.com/en/new-at-brickmo/lego/86641/lego-icons-10365-captain-jack-sparrow-s-pirate-ship-10365?c=6790
Brickmo,Lego Icons,LEGO Icons 10315 Tranquil Garden 10315,98.12,1363,https://www.brickmo.com/en/new-at-brickmo/lego/56014/lego-icons-10315-tranquil-garden-10315?c=6790
Brickmo,Lego Icons,LEGO Icons 11378 Douglas DC-3 PAN AM Airliner...,237.62,1903,https://www.brickmo.com/en/new-at-brickmo/lego/90387/lego-icons-11378-douglas-dc-3-pan-am-airliner-11378?c=6790
Brickmo,Lego Icons,LEGO Icons 11381 Jaguar E-Type 11381,115.68,1665,https://www.brickmo.com/en/new-at-brickmo/lego/87319/lego-icons-11381-jaguar-e-type-11381?c=6790
Brickmo,Lego Icons,LEGO Icons 11383 Mayor Manor 11383,91.19,1420,https://www.brickmo.com/en/new-at-brickmo/lego/87318/lego-icons-11383-mayor-manor-11383?c=6790
Brickmo,Lego Icons,LEGO Icons 11382 Hubble Space Telescope 11382,107.42,1252,https://www.brickmo.com/en/new-at-brickmo/lego/87317/lego-icons-11382-hubble-space-telescope-11382?c=6790
Brickmo,Lego Icons,LEGO Icons 10331 Kingfisher Bird 10331,46.45,834,https://www.brickmo.com/en/new-at-brickmo/lego/59147/lego-icons-10331-kingfisher-bird-10331?c=6790
Brickmo,Lego Icons,LEGO Icons 11380 Road Bike 11380,99.46,1015,https://www.brickmo.com/en/new-at-brickmo/lego/87306/lego-icons-11380-road-bike-11380?c=6790
Brickmo,Lego Icons,LEGO Icons 10360 Shuttle Carrier Aircraft 10360,237.62,2417,https://www.brickmo.com/en/new-at-brickmo/lego/84321/lego-icons-10360-shuttle-carrier-aircraft-10360?c=6790
Brickmo,Lego Icons,LEGO Icons 11371 Shopping Street 11371,246.97,3456,https://www.brickmo.com/en/new-at-brickmo/lego/90384/lego-icons-11371-shopping-street-11371?c=6790
Brickmo,Lego Icons,LEGO Icons 10335 The Endurance 10335,289.28,3011,https://www.brickmo.com/en/new-at-brickmo/lego/90389/lego-icons-10335-the-endurance-10335?c=6790
Brickmo,Lego Icons,LEGO Icons 10305 Lion Knights' Castle 10305,594.17,4514,https://www.brickmo.com/en/new-at-brickmo/lego/49449/lego-icons-10305-lion-knights-castle-10305?c=6790
Brickmo,Lego Icons,LEGO Icons 10307 Eiffel Tower 10307,707.82,10001,https://www.brickmo.com/en/new-at-brickmo/lego/51652/lego-icons-10307-eiffel-tower-10307?c=6790
Brickmo,Lego Icons,LEGO Icons 11370 Stranger Things: The Creel...,273.78,2593,https://www.brickmo.com/en/new-at-brickmo/lego/90336/lego-icons-11370-stranger-things-the-creel-house-11370?c=6790
